
-- insert ville
insert into sortie_db.ville (id, nom, code_postal) values (1, 'Qaraçuxur', 91347);
insert into sortie_db.ville (id, nom, code_postal) values (2, 'Huaqiao', 3840);
insert into sortie_db.ville (id, nom, code_postal) values (3, 'Pepe', 63614);
insert into sortie_db.ville (id, nom, code_postal) values (4, 'Jeleuk', 67210);
insert into sortie_db.ville (id, nom, code_postal) values (5, 'Aya', 34304);
insert into sortie_db.ville (id, nom, code_postal) values (6, 'Jaroměřice nad Rokytnou', 77108);
insert into sortie_db.ville (id, nom, code_postal) values (7, 'Ketawang', 98667);
insert into sortie_db.ville (id, nom, code_postal) values (8, 'Lazaro Cardenas', 25443);
insert into sortie_db.ville (id, nom, code_postal) values (9, 'Iranduba', 66602);
insert into sortie_db.ville (id, nom, code_postal) values (10, 'Canguaretama', 85293);
insert into sortie_db.ville (id, nom, code_postal) values (11, 'Los Angeles', 78698);
insert into sortie_db.ville (id, nom, code_postal) values (12, 'Japerejo', 39002);
insert into sortie_db.ville (id, nom, code_postal) values (13, 'Cigembor', 55536);
insert into sortie_db.ville (id, nom, code_postal) values (14, 'Oshnavīyeh', 76296);
insert into sortie_db.ville (id, nom, code_postal) values (15, 'Akropong', 30054);
insert into sortie_db.ville (id, nom, code_postal) values (16, 'Tarkastad', 58007);
insert into sortie_db.ville (id, nom, code_postal) values (17, 'Kemang', 65269);
insert into sortie_db.ville (id, nom, code_postal) values (18, 'Toledo', 72214);
insert into sortie_db.ville (id, nom, code_postal) values (19, 'Suqiaoxiang', 65399);
insert into sortie_db.ville (id, nom, code_postal) values (20, 'San Francisco', 65544);
insert into sortie_db.ville (id, nom, code_postal) values (21, 'Zahedan', 90040);
insert into sortie_db.ville (id, nom, code_postal) values (22, 'Santa Cruz', 18295);
insert into sortie_db.ville (id, nom, code_postal) values (23, 'Nytva', 84206);
insert into sortie_db.ville (id, nom, code_postal) values (24, 'Końskowola', 90419);
insert into sortie_db.ville (id, nom, code_postal) values (25, 'Leuweheq', 11132);
insert into sortie_db.ville (id, nom, code_postal) values (26, 'Ţawr al Bāḩah', 19294);
insert into sortie_db.ville (id, nom, code_postal) values (27, 'Raniżów', 58589);
insert into sortie_db.ville (id, nom, code_postal) values (28, 'Yuncheng', 12671);
insert into sortie_db.ville (id, nom, code_postal) values (29, 'Liuge', 81121);
insert into sortie_db.ville (id, nom, code_postal) values (30, 'Whittier', 69212);
insert into sortie_db.ville (id, nom, code_postal) values (31, 'Chengnan', 98120);
insert into sortie_db.ville (id, nom, code_postal) values (32, 'Cordon', 67366);
insert into sortie_db.ville (id, nom, code_postal) values (33, 'Madrid', 1382);
insert into sortie_db.ville (id, nom, code_postal) values (34, 'Damiku', 97464);
insert into sortie_db.ville (id, nom, code_postal) values (35, 'Pinggirsari', 85940);
insert into sortie_db.ville (id, nom, code_postal) values (36, 'Oele', 31222);
insert into sortie_db.ville (id, nom, code_postal) values (37, 'Witkowo', 80256);
insert into sortie_db.ville (id, nom, code_postal) values (38, 'Abū Qalqal', 74698);
insert into sortie_db.ville (id, nom, code_postal) values (39, 'Mesquite', 63455);
insert into sortie_db.ville (id, nom, code_postal) values (40, 'Brie-Comte-Robert', 38998);
insert into sortie_db.ville (id, nom, code_postal) values (41, 'Varge Mondar', 45517);
insert into sortie_db.ville (id, nom, code_postal) values (42, 'Seteluk Tengah', 32961);
insert into sortie_db.ville (id, nom, code_postal) values (43, 'Konstantinovo', 49496);
insert into sortie_db.ville (id, nom, code_postal) values (44, 'Tulyushka', 86372);
insert into sortie_db.ville (id, nom, code_postal) values (45, 'Laval', 38337);
insert into sortie_db.ville (id, nom, code_postal) values (46, 'Huangmei', 6960);
insert into sortie_db.ville (id, nom, code_postal) values (47, 'Bontang Baru', 37387);
insert into sortie_db.ville (id, nom, code_postal) values (48, 'Krasnoyarka', 88438);
insert into sortie_db.ville (id, nom, code_postal) values (49, 'Changqiao', 27571);
insert into sortie_db.ville (id, nom, code_postal) values (50, 'Siocon', 64222);
insert into sortie_db.ville (id, nom, code_postal) values (51, 'Valtelheiro', 94690);
insert into sortie_db.ville (id, nom, code_postal) values (52, 'Oja', 91473);
insert into sortie_db.ville (id, nom, code_postal) values (53, 'Villa Castelli', 77508);
insert into sortie_db.ville (id, nom, code_postal) values (54, 'Ruma', 98668);
insert into sortie_db.ville (id, nom, code_postal) values (55, 'Artybash', 48025);
insert into sortie_db.ville (id, nom, code_postal) values (56, 'Kwikila', 70500);
insert into sortie_db.ville (id, nom, code_postal) values (57, 'Wuqu', 40171);
insert into sortie_db.ville (id, nom, code_postal) values (58, 'Buckland', 22224);
insert into sortie_db.ville (id, nom, code_postal) values (59, 'Kanluran', 42741);
insert into sortie_db.ville (id, nom, code_postal) values (60, 'Strážnice', 24148);
insert into sortie_db.ville (id, nom, code_postal) values (61, 'Melikkrajan', 99091);
insert into sortie_db.ville (id, nom, code_postal) values (62, 'Ivry-sur-Seine', 54142);
insert into sortie_db.ville (id, nom, code_postal) values (63, 'Alta Gracia', 37581);
insert into sortie_db.ville (id, nom, code_postal) values (64, 'Alor Setar', 1840);
insert into sortie_db.ville (id, nom, code_postal) values (65, 'Juntang', 43727);
insert into sortie_db.ville (id, nom, code_postal) values (66, 'Paiisa', 76221);
insert into sortie_db.ville (id, nom, code_postal) values (67, 'Chicheng', 62538);
insert into sortie_db.ville (id, nom, code_postal) values (68, 'Cicapar', 29154);
insert into sortie_db.ville (id, nom, code_postal) values (69, 'Kapsan-ŭp', 56202);
insert into sortie_db.ville (id, nom, code_postal) values (70, 'Dayu', 19634);
insert into sortie_db.ville (id, nom, code_postal) values (71, 'Nyanga', 4776);
insert into sortie_db.ville (id, nom, code_postal) values (72, 'Tiout', 49589);
insert into sortie_db.ville (id, nom, code_postal) values (73, 'Tougan', 19011);
insert into sortie_db.ville (id, nom, code_postal) values (74, 'Taverny', 15771);
insert into sortie_db.ville (id, nom, code_postal) values (75, 'Zhenxi', 61712);
insert into sortie_db.ville (id, nom, code_postal) values (76, 'Guri-si', 58234);
insert into sortie_db.ville (id, nom, code_postal) values (77, 'Aoqiao', 27450);
insert into sortie_db.ville (id, nom, code_postal) values (78, 'Toulouse', 23079);
insert into sortie_db.ville (id, nom, code_postal) values (79, 'Corzuela', 58621);
insert into sortie_db.ville (id, nom, code_postal) values (80, 'Kalininskiy', 68947);
insert into sortie_db.ville (id, nom, code_postal) values (81, 'La Valette-du-Var', 24934);
insert into sortie_db.ville (id, nom, code_postal) values (82, 'Oumiao', 62951);
insert into sortie_db.ville (id, nom, code_postal) values (83, 'Muting', 54915);
insert into sortie_db.ville (id, nom, code_postal) values (84, 'Davao', 27035);
insert into sortie_db.ville (id, nom, code_postal) values (85, 'Tangchi', 13248);
insert into sortie_db.ville (id, nom, code_postal) values (86, 'Orléans', 35381);
insert into sortie_db.ville (id, nom, code_postal) values (87, 'Velykyy Burluk', 81316);
insert into sortie_db.ville (id, nom, code_postal) values (88, 'Jeremi', 25860);
insert into sortie_db.ville (id, nom, code_postal) values (89, 'Pagarbatu', 68745);
insert into sortie_db.ville (id, nom, code_postal) values (90, 'La Cruz', 42188);
insert into sortie_db.ville (id, nom, code_postal) values (91, 'Vermil', 32486);
insert into sortie_db.ville (id, nom, code_postal) values (92, 'Ḩabābah', 74965);
insert into sortie_db.ville (id, nom, code_postal) values (93, 'Vicuña Mackenna', 2078);
insert into sortie_db.ville (id, nom, code_postal) values (94, 'Bum Bum', 84220);
insert into sortie_db.ville (id, nom, code_postal) values (95, 'Bayanbulag', 78637);
insert into sortie_db.ville (id, nom, code_postal) values (96, 'Shangshuai', 66875);
insert into sortie_db.ville (id, nom, code_postal) values (97, 'Jiujiang', 76677);
insert into sortie_db.ville (id, nom, code_postal) values (98, 'Karvia', 39544);
insert into sortie_db.ville (id, nom, code_postal) values (99, 'Jatirejo', 22444);
insert into sortie_db.ville (id, nom, code_postal) values (100, 'Boise', 32072);


-- insert lieux

insert into sortie_db.lieu (id, nom, rue, latitude, longitude, ville_id) values (1, 'Banovo Polje', '48572 Bluejay Point', 44.9153318, 19.4516353, 18);
insert into sortie_db.lieu (id, nom, rue, latitude, longitude, ville_id) values (2, 'Alvito', '3 Coleman Junction', 38.2587716, -7.9765637, 92);
insert into sortie_db.lieu (id, nom, rue, latitude, longitude, ville_id) values (3, 'Vénissieux', '5 Express Street', 45.7164219, 4.8750727, 72);
insert into sortie_db.lieu (id, nom, rue, latitude, longitude, ville_id) values (4, 'Basud', '69 Kropf Crossing', 14.048167, 122.955697, 27);
insert into sortie_db.lieu (id, nom, rue, latitude, longitude, ville_id) values (5, 'Jagdaqi', '6424 Elgar Way', 50.425413, 124.118816, 31);
insert into sortie_db.lieu (id, nom, rue, latitude, longitude, ville_id) values (6, 'Tigbao', '85 Muir Hill', 7.8042011, 123.3412743, 28);
insert into sortie_db.lieu (id, nom, rue, latitude, longitude, ville_id) values (7, 'Palestina', '48 Wayridge Crossing', 15.7832452, 121.0086436, 1);
insert into sortie_db.lieu (id, nom, rue, latitude, longitude, ville_id) values (8, 'Uijeongbu-si', '66494 Declaration Circle', 37.738098, 127.0336819, 38);
insert into sortie_db.lieu (id, nom, rue, latitude, longitude, ville_id) values (9, 'Bilhó', '95 Montana Circle', 41.4037275, -7.8500816, 85);
insert into sortie_db.lieu (id, nom, rue, latitude, longitude, ville_id) values (10, 'Lazdijai', '4 Bluestem Way', 54.305019, 23.747034, 16);
insert into sortie_db.lieu (id, nom, rue, latitude, longitude, ville_id) values (11, 'Birqīn', '8 Susan Point', 32.45461, 35.26076, 72);
insert into sortie_db.lieu (id, nom, rue, latitude, longitude, ville_id) values (12, 'Dongyong', '1023 Eagan Court', 29.289648, 120.241565, 28);
insert into sortie_db.lieu (id, nom, rue, latitude, longitude, ville_id) values (13, 'Laï', '874 Hermina Place', 9.3982268, 16.3051766, 70);
insert into sortie_db.lieu (id, nom, rue, latitude, longitude, ville_id) values (14, 'Idah', '6430 Cottonwood Road', 7.1138119, 6.7440467, 34);
insert into sortie_db.lieu (id, nom, rue, latitude, longitude, ville_id) values (15, 'Peza e Madhe', '482 American Parkway', 41.3486394, 19.8345726, 93);
insert into sortie_db.lieu (id, nom, rue, latitude, longitude, ville_id) values (16, 'Cumming', '078 Rockefeller Junction', 35.1307639, -118.5882119, 5);
insert into sortie_db.lieu (id, nom, rue, latitude, longitude, ville_id) values (17, 'Arrah', '6160 Donald Plaza', 6.6746161, -3.9725378, 1);
insert into sortie_db.lieu (id, nom, rue, latitude, longitude, ville_id) values (18, 'Maca', '92 Bay Plaza', -15.6418418, -71.7674379, 39);
insert into sortie_db.lieu (id, nom, rue, latitude, longitude, ville_id) values (19, 'El Progreso', '18 Blue Bill Park Street', 15.3843415, -87.8058402, 16);
insert into sortie_db.lieu (id, nom, rue, latitude, longitude, ville_id) values (20, 'Sidi Qacem', '2 Susan Hill', 34.2312322, -5.7194522, 99);
insert into sortie_db.lieu (id, nom, rue, latitude, longitude, ville_id) values (21, 'Sobreira', '536 Comanche Crossing', 41.343685, -7.3436907, 65);
insert into sortie_db.lieu (id, nom, rue, latitude, longitude, ville_id) values (22, '5 de Mayo', '0 Grayhawk Pass', 19.2874648, -99.6494479, 95);
insert into sortie_db.lieu (id, nom, rue, latitude, longitude, ville_id) values (23, 'Rizhao', '3 Homewood Point', 35.416734, 119.526925, 21);
insert into sortie_db.lieu (id, nom, rue, latitude, longitude, ville_id) values (24, 'Anh Son', '60 Carey Court', 18.9688054, 105.0557415, 97);
insert into sortie_db.lieu (id, nom, rue, latitude, longitude, ville_id) values (25, 'El Progreso', '34665 Harper Trail', 15.3843415, -87.8058402, 79);
insert into sortie_db.lieu (id, nom, rue, latitude, longitude, ville_id) values (26, 'Las Flores', '57 Meadow Vale Crossing', 20.900993, -100.747182, 55);
insert into sortie_db.lieu (id, nom, rue, latitude, longitude, ville_id) values (27, 'Krajan', '831 John Wall Street', -7.5450262, 111.6556388, 50);
insert into sortie_db.lieu (id, nom, rue, latitude, longitude, ville_id) values (28, 'Haodi', '865 Petterle Way', 31.0507836, 121.7458676, 98);
insert into sortie_db.lieu (id, nom, rue, latitude, longitude, ville_id) values (29, 'Bagjasari', '53 Center Pass', -7.0031309, 108.3578806, 96);
insert into sortie_db.lieu (id, nom, rue, latitude, longitude, ville_id) values (30, 'Madīnat Sittah Uktūbar', '1576 Gerald Place', 29.9588757, 30.9006905, 95);
insert into sortie_db.lieu (id, nom, rue, latitude, longitude, ville_id) values (31, 'Huanghuai', '08450 Twin Pines Parkway', 24.467141, 115.77735, 81);
insert into sortie_db.lieu (id, nom, rue, latitude, longitude, ville_id) values (32, 'Thamaga', '5169 Kinsman Hill', -24.6664408, 25.5325797, 93);
insert into sortie_db.lieu (id, nom, rue, latitude, longitude, ville_id) values (33, 'Xueshan', '35 Myrtle Trail', 27.3183333, 100.1, 32);
insert into sortie_db.lieu (id, nom, rue, latitude, longitude, ville_id) values (34, 'Tambak', '7000 Morningstar Place', 13.9743478, 121.6910432, 24);
insert into sortie_db.lieu (id, nom, rue, latitude, longitude, ville_id) values (35, 'Qarqīn', '92 Erie Point', 37.4202216, 66.0195894, 35);
insert into sortie_db.lieu (id, nom, rue, latitude, longitude, ville_id) values (36, 'Shuixi', '1 Chive Crossing', 21.377246, 110.250123, 32);
insert into sortie_db.lieu (id, nom, rue, latitude, longitude, ville_id) values (37, 'Uitenhage', '0 Fordem Avenue', -33.8117747, 25.3844968, 88);
insert into sortie_db.lieu (id, nom, rue, latitude, longitude, ville_id) values (38, 'Hamilton', '3 Loomis Junction', 39.4721887, -84.4772033, 11);
insert into sortie_db.lieu (id, nom, rue, latitude, longitude, ville_id) values (39, 'Sandefjord', '2711 Artisan Avenue', 59.130725, 10.2266452, 5);
insert into sortie_db.lieu (id, nom, rue, latitude, longitude, ville_id) values (40, 'Vërtop', '9758 Comanche Pass', 40.62889, 20.05389, 57);
insert into sortie_db.lieu (id, nom, rue, latitude, longitude, ville_id) values (41, 'Nyinqug', '09 Burning Wood Trail', 35.201931, 100.847521, 94);
insert into sortie_db.lieu (id, nom, rue, latitude, longitude, ville_id) values (42, 'Mixco', '853 Upham Hill', 14.6377832, -90.5873912, 36);
insert into sortie_db.lieu (id, nom, rue, latitude, longitude, ville_id) values (43, 'Fenglin', '95895 Warrior Pass', 27.867125, 107.503649, 77);
insert into sortie_db.lieu (id, nom, rue, latitude, longitude, ville_id) values (44, 'Ávato', '30596 Everett Lane', 40.9632212, 24.8064244, 88);
insert into sortie_db.lieu (id, nom, rue, latitude, longitude, ville_id) values (45, 'Varaždin', '338 Grasskamp Pass', 46.305746, 16.3366066, 7);
insert into sortie_db.lieu (id, nom, rue, latitude, longitude, ville_id) values (46, 'Marintoc', '1658 Mayfield Street', 12.3109644, 123.6781612, 44);
insert into sortie_db.lieu (id, nom, rue, latitude, longitude, ville_id) values (47, 'Santa Cruz de Guacas', '9 Evergreen Court', 7.44891, -71.304474, 45);
insert into sortie_db.lieu (id, nom, rue, latitude, longitude, ville_id) values (48, 'Orlando', '9221 Hudson Crossing', 28.54, -81.38, 3);
insert into sortie_db.lieu (id, nom, rue, latitude, longitude, ville_id) values (49, 'Lille', '940 Northfield Parkway', 44.1675867, 2.0308233, 16);
insert into sortie_db.lieu (id, nom, rue, latitude, longitude, ville_id) values (50, 'Ruen', '7568 Myrtle Pass', 42.7996836, 27.2454348, 35);
insert into sortie_db.lieu (id, nom, rue, latitude, longitude, ville_id) values (51, 'Opatów', '73810 Michigan Park', 50.9468692, 18.8248439, 58);
insert into sortie_db.lieu (id, nom, rue, latitude, longitude, ville_id) values (52, 'Stockholm', '42068 Hayes Crossing', 59.341383, 18.0585213, 69);
insert into sortie_db.lieu (id, nom, rue, latitude, longitude, ville_id) values (53, 'Miribanteng', '86 Columbus Road', -8.2358, 112.0273, 72);
insert into sortie_db.lieu (id, nom, rue, latitude, longitude, ville_id) values (54, 'Drzewica', '19518 Hagan Center', 51.4506315, 20.477146, 6);
insert into sortie_db.lieu (id, nom, rue, latitude, longitude, ville_id) values (55, 'Rawson', '85905 Colorado Alley', -37.9707308, -57.6258993, 39);
insert into sortie_db.lieu (id, nom, rue, latitude, longitude, ville_id) values (56, 'Cipicung', '49 Surrey Alley', -6.9375866, 108.5522531, 9);
insert into sortie_db.lieu (id, nom, rue, latitude, longitude, ville_id) values (57, 'Yuquan', '9009 American Ash Park', 40.753655, 111.673881, 57);
insert into sortie_db.lieu (id, nom, rue, latitude, longitude, ville_id) values (58, 'Weiyuankou', '6 Warbler Trail', 34.041367, 110.827862, 7);
insert into sortie_db.lieu (id, nom, rue, latitude, longitude, ville_id) values (59, 'Caçapava do Sul', '9641 Menomonie Drive', -30.5148445, -53.4832383, 51);
insert into sortie_db.lieu (id, nom, rue, latitude, longitude, ville_id) values (60, 'Santa Lucia', '19191 Graceland Place', 17.1056791, 120.4557309, 24);
insert into sortie_db.lieu (id, nom, rue, latitude, longitude, ville_id) values (61, 'Raphoe', '4 Shoshone Road', 52.2627273, -8.2755058, 51);
insert into sortie_db.lieu (id, nom, rue, latitude, longitude, ville_id) values (62, 'Strum', '6 Hollow Ridge Terrace', 40.7511134, 19.7398213, 12);
insert into sortie_db.lieu (id, nom, rue, latitude, longitude, ville_id) values (63, 'Chaviña', '69228 Center Street', -14.98306, -73.841164, 27);
insert into sortie_db.lieu (id, nom, rue, latitude, longitude, ville_id) values (64, 'Buenos Aires', '7090 Leroy Plaza', -38.0033365, -57.5430848, 82);
insert into sortie_db.lieu (id, nom, rue, latitude, longitude, ville_id) values (65, 'Bodega', '8345 Ruskin Lane', 10.6095479, 122.955299, 17);
insert into sortie_db.lieu (id, nom, rue, latitude, longitude, ville_id) values (66, 'Omsukchan', '097 Kinsman Drive', 62.5166, 155.7654, 28);
insert into sortie_db.lieu (id, nom, rue, latitude, longitude, ville_id) values (67, 'Eindhoven', '7 Pankratz Place', 51.490189, 5.4711208, 2);
insert into sortie_db.lieu (id, nom, rue, latitude, longitude, ville_id) values (68, 'Tampakan', '3 Evergreen Point', 6.444345, 124.925696, 76);
insert into sortie_db.lieu (id, nom, rue, latitude, longitude, ville_id) values (69, 'Moussoro', '7728 Hauk Court', 13.648096, 16.493598, 54);
insert into sortie_db.lieu (id, nom, rue, latitude, longitude, ville_id) values (70, 'Luanda', '74407 Arrowood Trail', -8.8399876, 13.2894368, 63);
insert into sortie_db.lieu (id, nom, rue, latitude, longitude, ville_id) values (71, 'Thio', '3488 Autumn Leaf Street', -21.609128, 166.2143471, 91);
insert into sortie_db.lieu (id, nom, rue, latitude, longitude, ville_id) values (72, 'Castelo de Vide', '8 Goodland Street', 39.4158155, -7.4562886, 95);
insert into sortie_db.lieu (id, nom, rue, latitude, longitude, ville_id) values (73, 'Muranovo', '072 Union Drive', 56.178249, 37.902732, 70);
insert into sortie_db.lieu (id, nom, rue, latitude, longitude, ville_id) values (74, 'Puerto Parra', '9 Golf Street', 6.6103028, -73.8889499, 28);
insert into sortie_db.lieu (id, nom, rue, latitude, longitude, ville_id) values (75, 'Huashixia', '9748 Sachs Trail', 36.878124, 102.149548, 91);
insert into sortie_db.lieu (id, nom, rue, latitude, longitude, ville_id) values (76, 'Vetrino', '6 Beilfuss Court', 43.3155137, 27.4337343, 92);
insert into sortie_db.lieu (id, nom, rue, latitude, longitude, ville_id) values (77, 'Batsari', '654 Lillian Avenue', 12.7578433, 7.2491037, 7);
insert into sortie_db.lieu (id, nom, rue, latitude, longitude, ville_id) values (78, 'Kaa-Khem', '29349 Onsgard Center', 51.6891738, 94.5646653, 23);
insert into sortie_db.lieu (id, nom, rue, latitude, longitude, ville_id) values (79, 'Cikandang', '9530 Vermont Lane', -7.382645, 107.7458559, 31);
insert into sortie_db.lieu (id, nom, rue, latitude, longitude, ville_id) values (80, 'Xinquan', '35 Kropf Drive', 27.519549, 114.073416, 25);
insert into sortie_db.lieu (id, nom, rue, latitude, longitude, ville_id) values (81, 'Желино', '532 Burrows Court', 41.989901, 21.0770114, 45);
insert into sortie_db.lieu (id, nom, rue, latitude, longitude, ville_id) values (82, 'Cidima', '4187 Atwood Street', -7.4694177, 108.2322266, 69);
insert into sortie_db.lieu (id, nom, rue, latitude, longitude, ville_id) values (83, 'Santa Maria', '0997 Saint Paul Plaza', 25.5822549, -100.9086492, 55);
insert into sortie_db.lieu (id, nom, rue, latitude, longitude, ville_id) values (84, 'Rawang', '7464 Lerdahl Road', 3.3217785, 101.4679893, 29);
insert into sortie_db.lieu (id, nom, rue, latitude, longitude, ville_id) values (85, 'Eira da Pedra', '02 Crowley Road', 39.6080157, -8.6664683, 95);
insert into sortie_db.lieu (id, nom, rue, latitude, longitude, ville_id) values (86, 'Kumbo', '442 Morning Court', 6.2244851, 10.6759772, 14);
insert into sortie_db.lieu (id, nom, rue, latitude, longitude, ville_id) values (87, 'Stochov', '70 Stoughton Road', 50.1540618, 13.9598749, 35);
insert into sortie_db.lieu (id, nom, rue, latitude, longitude, ville_id) values (88, 'Gorzów Wielkopolski', '15656 Derek Court', 52.7401064, 15.2665222, 76);
insert into sortie_db.lieu (id, nom, rue, latitude, longitude, ville_id) values (89, 'Duncan', '3 Thierer Junction', 48.7786908, -123.7079417, 40);
insert into sortie_db.lieu (id, nom, rue, latitude, longitude, ville_id) values (90, 'Choco', '40511 Di Loreto Hill', -15.576624, -72.1293262, 80);
insert into sortie_db.lieu (id, nom, rue, latitude, longitude, ville_id) values (91, 'Maqbanah', '27 Anhalt Lane', 13.6669038, 43.6830966, 93);
insert into sortie_db.lieu (id, nom, rue, latitude, longitude, ville_id) values (92, 'Umm Sa‘īd', '84 Daystar Plaza', 24.9909255, 51.5493483, 77);
insert into sortie_db.lieu (id, nom, rue, latitude, longitude, ville_id) values (93, 'Tanay', '630 Fordem Drive', 14.5727654, 121.0257322, 93);
insert into sortie_db.lieu (id, nom, rue, latitude, longitude, ville_id) values (94, 'Kitsuki', '6 Eagle Crest Court', 33.4180537, 131.6156723, 58);
insert into sortie_db.lieu (id, nom, rue, latitude, longitude, ville_id) values (95, 'Tuupovaara', '24322 Ridgeway Road', 62.4857735, 30.6173514, 54);
insert into sortie_db.lieu (id, nom, rue, latitude, longitude, ville_id) values (96, 'Huertas', '182 Meadow Ridge Road', -11.7659957, -75.4723411, 21);
insert into sortie_db.lieu (id, nom, rue, latitude, longitude, ville_id) values (97, 'Khlevnoye', '5 Sunnyside Street', 52.1957118, 39.0988859, 5);
insert into sortie_db.lieu (id, nom, rue, latitude, longitude, ville_id) values (98, 'Jatiprahu', '2 Lunder Trail', -8.0935505, 111.692902, 68);
insert into sortie_db.lieu (id, nom, rue, latitude, longitude, ville_id) values (99, 'Besançon', '30 Katie Avenue', 47.2215999, 5.9675963, 62);
insert into sortie_db.lieu (id, nom, rue, latitude, longitude, ville_id) values (100, 'Cipondok', '5 Del Sol Trail', -7.1612441, 108.1695504, 95);


-- INSERT CAMPUS

insert into sortie_db.campus (id, nom) values (2, 'Flowdesk');
insert into sortie_db.campus (id, nom) values (3, 'Stronghold');
insert into sortie_db.campus (id, nom) values (4, 'Ronstring');
insert into sortie_db.campus (id, nom) values (5, 'Konklux');
insert into sortie_db.campus (id, nom) values (6, 'Bytecard');
insert into sortie_db.campus (id, nom) values (7, 'Voyatouch');
insert into sortie_db.campus (id, nom) values (8, 'Job');
insert into sortie_db.campus (id, nom) values (9, 'Overhold');
insert into sortie_db.campus (id, nom) values (10, 'Cookley');
insert into sortie_db.campus (id, nom) values (11, 'Hatity');
insert into sortie_db.campus (id, nom) values (12, 'Tresom');
insert into sortie_db.campus (id, nom) values (13, 'Domainer');
insert into sortie_db.campus (id, nom) values (14, 'Cardify');
insert into sortie_db.campus (id, nom) values (15, 'It');
insert into sortie_db.campus (id, nom) values (16, 'Tempsoft');
insert into sortie_db.campus (id, nom) values (17, 'Flowdesk');
insert into sortie_db.campus (id, nom) values (18, 'Tres-Zap');
insert into sortie_db.campus (id, nom) values (19, 'Solarbreeze');
insert into sortie_db.campus (id, nom) values (20, 'Subin');
insert into sortie_db.campus (id, nom) values (21, 'Voltsillam');
insert into sortie_db.campus (id, nom) values (22, 'Biodex');
insert into sortie_db.campus (id, nom) values (23, 'Treeflex');
insert into sortie_db.campus (id, nom) values (24, 'Vagram');
insert into sortie_db.campus (id, nom) values (25, 'Trippledex');
insert into sortie_db.campus (id, nom) values (26, 'Bitwolf');
insert into sortie_db.campus (id, nom) values (27, 'Asoka');
insert into sortie_db.campus (id, nom) values (28, 'Solarbreeze');
insert into sortie_db.campus (id, nom) values (29, 'Fintone');
insert into sortie_db.campus (id, nom) values (30, 'Rank');
insert into sortie_db.campus (id, nom) values (31, 'Sub-Ex');
insert into sortie_db.campus (id, nom) values (32, 'Latlux');
insert into sortie_db.campus (id, nom) values (33, 'Flowdesk');
insert into sortie_db.campus (id, nom) values (34, 'Asoka');
insert into sortie_db.campus (id, nom) values (35, 'Fintone');
insert into sortie_db.campus (id, nom) values (36, 'Rank');
insert into sortie_db.campus (id, nom) values (37, 'Veribet');
insert into sortie_db.campus (id, nom) values (38, 'Otcom');
insert into sortie_db.campus (id, nom) values (39, 'Tin');
insert into sortie_db.campus (id, nom) values (40, 'Otcom');
insert into sortie_db.campus (id, nom) values (41, 'Tin');
insert into sortie_db.campus (id, nom) values (42, 'It');
insert into sortie_db.campus (id, nom) values (43, 'Ronstring');
insert into sortie_db.campus (id, nom) values (44, 'Veribet');
insert into sortie_db.campus (id, nom) values (45, 'Lotstring');
insert into sortie_db.campus (id, nom) values (46, 'Transcof');
insert into sortie_db.campus (id, nom) values (47, 'Bitwolf');
insert into sortie_db.campus (id, nom) values (48, 'Pannier');
insert into sortie_db.campus (id, nom) values (49, 'Tin');
insert into sortie_db.campus (id, nom) values (50, 'Bamity');
insert into sortie_db.campus (id, nom) values (51, 'Latlux');
insert into sortie_db.campus (id, nom) values (52, 'Alpha');
insert into sortie_db.campus (id, nom) values (53, 'Andalax');
insert into sortie_db.campus (id, nom) values (54, 'Wrapsafe');
insert into sortie_db.campus (id, nom) values (55, 'Namfix');
insert into sortie_db.campus (id, nom) values (56, 'Gembucket');
insert into sortie_db.campus (id, nom) values (57, 'Span');
insert into sortie_db.campus (id, nom) values (58, 'Zamit');
insert into sortie_db.campus (id, nom) values (59, 'Ventosanzap');
insert into sortie_db.campus (id, nom) values (60, 'Opela');
insert into sortie_db.campus (id, nom) values (61, 'Zaam-Dox');
insert into sortie_db.campus (id, nom) values (62, 'Konklux');
insert into sortie_db.campus (id, nom) values (63, 'Ventosanzap');
insert into sortie_db.campus (id, nom) values (64, 'Sonair');
insert into sortie_db.campus (id, nom) values (65, 'Sub-Ex');
insert into sortie_db.campus (id, nom) values (66, 'Daltfresh');
insert into sortie_db.campus (id, nom) values (67, 'Solarbreeze');
insert into sortie_db.campus (id, nom) values (68, 'Zaam-Dox');
insert into sortie_db.campus (id, nom) values (69, 'It');
insert into sortie_db.campus (id, nom) values (70, 'Sonsing');
insert into sortie_db.campus (id, nom) values (71, 'Matsoft');
insert into sortie_db.campus (id, nom) values (72, 'Wrapsafe');
insert into sortie_db.campus (id, nom) values (73, 'Konklux');
insert into sortie_db.campus (id, nom) values (74, 'Solarbreeze');
insert into sortie_db.campus (id, nom) values (75, 'Andalax');
insert into sortie_db.campus (id, nom) values (76, 'Zoolab');
insert into sortie_db.campus (id, nom) values (77, 'Viva');
insert into sortie_db.campus (id, nom) values (78, 'Zathin');
insert into sortie_db.campus (id, nom) values (79, 'Cookley');
insert into sortie_db.campus (id, nom) values (80, 'Sonsing');
insert into sortie_db.campus (id, nom) values (81, 'Konklab');
insert into sortie_db.campus (id, nom) values (82, 'Home Ing');
insert into sortie_db.campus (id, nom) values (83, 'Konklux');
insert into sortie_db.campus (id, nom) values (84, 'Veribet');
insert into sortie_db.campus (id, nom) values (85, 'Toughjoyfax');
insert into sortie_db.campus (id, nom) values (86, 'Lotlux');
insert into sortie_db.campus (id, nom) values (87, 'Biodex');
insert into sortie_db.campus (id, nom) values (88, 'Holdlamis');
insert into sortie_db.campus (id, nom) values (89, 'Bytecard');
insert into sortie_db.campus (id, nom) values (90, 'Latlux');
insert into sortie_db.campus (id, nom) values (91, 'Zathin');
insert into sortie_db.campus (id, nom) values (92, 'Latlux');
insert into sortie_db.campus (id, nom) values (93, 'Overhold');
insert into sortie_db.campus (id, nom) values (94, 'Aerified');
insert into sortie_db.campus (id, nom) values (95, 'Flowdesk');
insert into sortie_db.campus (id, nom) values (96, 'Keylex');
insert into sortie_db.campus (id, nom) values (97, 'Rank');
insert into sortie_db.campus (id, nom) values (98, 'Sonsing');
insert into sortie_db.campus (id, nom) values (99, 'Pannier');
insert into sortie_db.campus (id, nom) values (100, 'Redhold');


-- INSERT ETAT

insert into sortie_db.etat VALUES ('1','Créée');
insert into sortie_db.etat VALUES ('2','Ouverte');
insert into sortie_db.etat VALUES ('3','Clôturée');
insert into sortie_db.etat VALUES ('4','Activité en cours');
insert into sortie_db.etat VALUES ('5','Passée');
insert into sortie_db.etat VALUES ('6','Annulée');


-- INSERT SORTIE

insert into sortie_db.sortie (id, etat_id, campus_id, participant_id, nom, date_heure_debut, duree, date_limite_inscription, nb_inscriptions_max, infos_sortie, lieu_id) values (3, 1, 97, 2, 'Support', '2021-12-20', '6:44 PM', '2022-10-10', 12, 'Other specified rheumatoid arthritis, shoulder', 18);
insert into sortie_db.sortie (id, etat_id, campus_id, participant_id, nom, date_heure_debut, duree, date_limite_inscription, nb_inscriptions_max, infos_sortie, lieu_id) values (4, 2, 77, 2, 'Engineering', '2022-07-14', '10:57 AM', '2022-08-10', 58, 'Other fracture of lower end of right ulna, subsequent encounter for open fracture type IIIA, IIIB, or IIIC with routine healing', 38);
insert into sortie_db.sortie (id, etat_id, campus_id, participant_id, nom, date_heure_debut, duree, date_limite_inscription, nb_inscriptions_max, infos_sortie, lieu_id) values (5, 6, 47, 2, 'Legal', '2022-06-01', '11:35 AM', '2022-03-11', 12, 'Viral carditis, unspecified', 10);
insert into sortie_db.sortie (id, etat_id, campus_id, participant_id, nom, date_heure_debut, duree, date_limite_inscription, nb_inscriptions_max, infos_sortie, lieu_id) values (6, 5, 24, 2, 'Training', '2022-12-04', '6:19 PM', '2022-03-21', 47, 'Salter-Harris Type I physeal fracture of lower end of humerus, right arm, subsequent encounter for fracture with malunion', 13);
insert into sortie_db.sortie (id, etat_id, campus_id, participant_id, nom, date_heure_debut, duree, date_limite_inscription, nb_inscriptions_max, infos_sortie, lieu_id) values (7, 3, 71, 2, 'Training', '2022-05-21', '5:10 PM', '2022-04-06', 31, 'Fracture of orbital floor, left side, subsequent encounter for fracture with nonunion', 32);
insert into sortie_db.sortie (id, etat_id, campus_id, participant_id, nom, date_heure_debut, duree, date_limite_inscription, nb_inscriptions_max, infos_sortie, lieu_id) values (8, 6, 85, 2, 'Sales', '2021-11-28', '8:28 AM', '2022-09-01', 36, 'Fall from or off toilet with subsequent striking against object, initial encounter', 7);
insert into sortie_db.sortie (id, etat_id, campus_id, participant_id, nom, date_heure_debut, duree, date_limite_inscription, nb_inscriptions_max, infos_sortie, lieu_id) values (9, 4, 31, 2, 'Research and Development', '2022-01-20', '6:54 PM', '2022-03-08', 26, 'Immersion hand', 28);
insert into sortie_db.sortie (id, etat_id, campus_id, participant_id, nom, date_heure_debut, duree, date_limite_inscription, nb_inscriptions_max, infos_sortie, lieu_id) values (10, 4, 66, 2, 'Services', '2022-10-09', '9:22 PM', '2022-03-11', 54, 'Tuberculosis of genitourinary system, unspecified', 7);
insert into sortie_db.sortie (id, etat_id, campus_id, participant_id, nom, date_heure_debut, duree, date_limite_inscription, nb_inscriptions_max, infos_sortie, lieu_id) values (11, 1, 96, 2, 'Accounting', '2022-03-21', '9:52 PM', '2022-05-17', 41, 'Salter-Harris Type II physeal fracture of lower end of radius, right arm', 43);
insert into sortie_db.sortie (id, etat_id, campus_id, participant_id, nom, date_heure_debut, duree, date_limite_inscription, nb_inscriptions_max, infos_sortie, lieu_id) values (12, 6, 88, 2, 'Legal', '2022-02-05', '8:15 PM', '2021-11-14', 13, 'Nicotine dependence, chewing tobacco, uncomplicated', 69);
insert into sortie_db.sortie (id, etat_id, campus_id, participant_id, nom, date_heure_debut, duree, date_limite_inscription, nb_inscriptions_max, infos_sortie, lieu_id) values (13, 2, 81, 2, 'Accounting', '2022-01-26', '9:04 AM', '2021-10-27', 28, 'Varicose veins of left lower extremity with both ulcer other part of foot and inflammation', 41);
insert into sortie_db.sortie (id, etat_id, campus_id, participant_id, nom, date_heure_debut, duree, date_limite_inscription, nb_inscriptions_max, infos_sortie, lieu_id) values (14, 6, 53, 2, 'Research and Development', '2022-01-09', '11:54 PM', '2022-08-22', 15, 'Unspecified adverse effect of drug or medicament, initial encounter', 93);
insert into sortie_db.sortie (id, etat_id, campus_id, participant_id, nom, date_heure_debut, duree, date_limite_inscription, nb_inscriptions_max, infos_sortie, lieu_id) values (15, 5, 21, 2, 'Marketing', '2022-11-15', '1:16 AM', '2022-11-05', 19, 'Displaced fracture of neck of scapula, right shoulder, subsequent encounter for fracture with delayed healing', 69);
insert into sortie_db.sortie (id, etat_id, campus_id, participant_id, nom, date_heure_debut, duree, date_limite_inscription, nb_inscriptions_max, infos_sortie, lieu_id) values (16, 4, 71, 2, 'Human Resources', '2022-01-29', '6:05 PM', '2022-09-09', 51, 'Corrosion of second degree of unspecified axilla, subsequent encounter', 66);
insert into sortie_db.sortie (id, etat_id, campus_id, participant_id, nom, date_heure_debut, duree, date_limite_inscription, nb_inscriptions_max, infos_sortie, lieu_id) values (17, 3, 70, 2, 'Marketing', '2022-11-11', '4:46 PM', '2022-07-14', 44, 'Contact with hot water in bath or tub, sequela', 52);
insert into sortie_db.sortie (id, etat_id, campus_id, participant_id, nom, date_heure_debut, duree, date_limite_inscription, nb_inscriptions_max, infos_sortie, lieu_id) values (18, 6, 43, 2, 'Services', '2021-12-28', '7:06 AM', '2022-10-30', 16, 'Subluxation of proximal interphalangeal joint of right ring finger', 23);
insert into sortie_db.sortie (id, etat_id, campus_id, participant_id, nom, date_heure_debut, duree, date_limite_inscription, nb_inscriptions_max, infos_sortie, lieu_id) values (19, 3, 14, 2, 'Engineering', '2021-10-27', '3:27 AM', '2021-12-20', 10, 'Displaced fracture of neck of unspecified metacarpal bone, initial encounter for closed fracture', 24);
insert into sortie_db.sortie (id, etat_id, campus_id, participant_id, nom, date_heure_debut, duree, date_limite_inscription, nb_inscriptions_max, infos_sortie, lieu_id) values (20, 6, 4, 2, 'Training', '2022-02-08', '7:21 PM', '2022-09-08', 11, 'Toxic effect of carbon monoxide from incomplete combustion of other domestic fuels, intentional self-harm, subsequent encounter', 56);
insert into sortie_db.sortie (id, etat_id, campus_id, participant_id, nom, date_heure_debut, duree, date_limite_inscription, nb_inscriptions_max, infos_sortie, lieu_id) values (21, 6, 93, 2, 'Training', '2022-02-08', '5:17 AM', '2021-12-13', 24, 'Nondisplaced fracture of lateral end of right clavicle', 69);
insert into sortie_db.sortie (id, etat_id, campus_id, participant_id, nom, date_heure_debut, duree, date_limite_inscription, nb_inscriptions_max, infos_sortie, lieu_id) values (22, 3, 38, 2, 'Marketing', '2022-04-10', '5:11 PM', '2022-08-04', 14, 'Contact with grain storage elevator, subsequent encounter', 1);
insert into sortie_db.sortie (id, etat_id, campus_id, participant_id, nom, date_heure_debut, duree, date_limite_inscription, nb_inscriptions_max, infos_sortie, lieu_id) values (23, 3, 50, 2, 'Business Development', '2022-10-17', '10:54 PM', '2022-10-11', 18, 'Displaced comminuted fracture of shaft of left fibula, sequela', 4);
insert into sortie_db.sortie (id, etat_id, campus_id, participant_id, nom, date_heure_debut, duree, date_limite_inscription, nb_inscriptions_max, infos_sortie, lieu_id) values (24, 6, 64, 2, 'Support', '2022-01-07', '12:32 PM', '2021-11-16', 21, 'Puncture wound with foreign body of lower back and pelvis with penetration into retroperitoneum, sequela', 54);
insert into sortie_db.sortie (id, etat_id, campus_id, participant_id, nom, date_heure_debut, duree, date_limite_inscription, nb_inscriptions_max, infos_sortie, lieu_id) values (25, 3, 39, 2, 'Legal', '2022-12-17', '11:28 AM', '2022-02-22', 23, 'Unspecified occupant of heavy transport vehicle injured in noncollision transport accident in traffic accident, initial encounter', 19);
insert into sortie_db.sortie (id, etat_id, campus_id, participant_id, nom, date_heure_debut, duree, date_limite_inscription, nb_inscriptions_max, infos_sortie, lieu_id) values (26, 1, 23, 2, 'Legal', '2022-09-16', '8:26 PM', '2022-06-01', 51, 'Malignant neoplasm of dorsal surface of tongue', 60);
insert into sortie_db.sortie (id, etat_id, campus_id, participant_id, nom, date_heure_debut, duree, date_limite_inscription, nb_inscriptions_max, infos_sortie, lieu_id) values (27, 4, 37, 2, 'Marketing', '2022-02-24', '2:58 AM', '2022-03-13', 23, 'Breakdown (mechanical) of internal fixation device of bone of right lower leg, sequela', 81);
insert into sortie_db.sortie (id, etat_id, campus_id, participant_id, nom, date_heure_debut, duree, date_limite_inscription, nb_inscriptions_max, infos_sortie, lieu_id) values (28, 2, 22, 2, 'Human Resources', '2022-12-05', '6:01 PM', '2022-04-27', 43, 'Motorcycle passenger injured in collision with unspecified motor vehicles in traffic accident', 71);
insert into sortie_db.sortie (id, etat_id, campus_id, participant_id, nom, date_heure_debut, duree, date_limite_inscription, nb_inscriptions_max, infos_sortie, lieu_id) values (29, 5, 89, 2, 'Support', '2021-12-29', '10:06 AM', '2022-02-06', 11, 'Other fracture of other metacarpal bone, initial encounter for closed fracture', 38);
insert into sortie_db.sortie (id, etat_id, campus_id, participant_id, nom, date_heure_debut, duree, date_limite_inscription, nb_inscriptions_max, infos_sortie, lieu_id) values (30, 6, 68, 2, 'Engineering', '2022-04-05', '10:48 AM', '2022-02-02', 56, 'Other reduction defects of upper limb', 9);
insert into sortie_db.sortie (id, etat_id, campus_id, participant_id, nom, date_heure_debut, duree, date_limite_inscription, nb_inscriptions_max, infos_sortie, lieu_id) values (31, 3, 87, 2, 'Support', '2022-04-20', '11:40 AM', '2022-01-09', 35, 'Displaced transverse fracture of shaft of unspecified radius, subsequent encounter for open fracture type IIIA, IIIB, or IIIC with malunion', 63);
insert into sortie_db.sortie (id, etat_id, campus_id, participant_id, nom, date_heure_debut, duree, date_limite_inscription, nb_inscriptions_max, infos_sortie, lieu_id) values (32, 4, 80, 2, 'Engineering', '2021-11-21', '8:27 PM', '2022-05-02', 54, 'String or thread causing external constriction, subsequent encounter', 1);
insert into sortie_db.sortie (id, etat_id, campus_id, participant_id, nom, date_heure_debut, duree, date_limite_inscription, nb_inscriptions_max, infos_sortie, lieu_id) values (33, 1, 11, 2, 'Engineering', '2022-05-19', '6:16 AM', '2022-05-16', 25, 'Nondisplaced fracture of proximal phalanx of left index finger, subsequent encounter for fracture with routine healing', 22);
insert into sortie_db.sortie (id, etat_id, campus_id, participant_id, nom, date_heure_debut, duree, date_limite_inscription, nb_inscriptions_max, infos_sortie, lieu_id) values (34, 6, 85, 2, 'Research and Development', '2022-06-05', '12:04 AM', '2022-08-31', 47, 'Other specified complication of vascular prosthetic devices, implants and grafts, initial encounter', 30);
insert into sortie_db.sortie (id, etat_id, campus_id, participant_id, nom, date_heure_debut, duree, date_limite_inscription, nb_inscriptions_max, infos_sortie, lieu_id) values (35, 1, 88, 2, 'Accounting', '2022-02-11', '2:33 AM', '2022-01-08', 21, 'Polyhydramnios, third trimester, fetus 3', 89);
insert into sortie_db.sortie (id, etat_id, campus_id, participant_id, nom, date_heure_debut, duree, date_limite_inscription, nb_inscriptions_max, infos_sortie, lieu_id) values (36, 3, 47, 2, 'Human Resources', '2022-06-13', '2:45 AM', '2022-02-01', 31, 'Other intestinal malabsorption', 42);
insert into sortie_db.sortie (id, etat_id, campus_id, participant_id, nom, date_heure_debut, duree, date_limite_inscription, nb_inscriptions_max, infos_sortie, lieu_id) values (37, 4, 91, 2, 'Marketing', '2022-06-30', '5:09 AM', '2022-05-02', 14, 'Other specified injury of other blood vessels at abdomen, lower back and pelvis level, subsequent encounter', 82);
insert into sortie_db.sortie (id, etat_id, campus_id, participant_id, nom, date_heure_debut, duree, date_limite_inscription, nb_inscriptions_max, infos_sortie, lieu_id) values (38, 2, 11, 2, 'Marketing', '2022-10-12', '11:28 PM', '2022-08-07', 36, 'Torus fracture of upper end of unspecified tibia, subsequent encounter for fracture with malunion', 61);
insert into sortie_db.sortie (id, etat_id, campus_id, participant_id, nom, date_heure_debut, duree, date_limite_inscription, nb_inscriptions_max, infos_sortie, lieu_id) values (39, 2, 24, 2, 'Support', '2022-05-18', '1:46 AM', '2022-01-19', 10, 'Colles'' fracture of unspecified radius, subsequent encounter for closed fracture with malunion', 22);
insert into sortie_db.sortie (id, etat_id, campus_id, participant_id, nom, date_heure_debut, duree, date_limite_inscription, nb_inscriptions_max, infos_sortie, lieu_id) values (40, 1, 54, 2, 'Human Resources', '2022-03-17', '11:28 AM', '2022-06-28', 39, 'Monteggia''s fracture of left ulna, initial encounter for closed fracture', 75);
insert into sortie_db.sortie (id, etat_id, campus_id, participant_id, nom, date_heure_debut, duree, date_limite_inscription, nb_inscriptions_max, infos_sortie, lieu_id) values (41, 5, 23, 2, 'Services', '2022-11-02', '11:48 AM', '2022-03-05', 52, 'Unspecified injury of extensor muscle, fascia and tendon of left middle finger at forearm level, subsequent encounter', 74);
insert into sortie_db.sortie (id, etat_id, campus_id, participant_id, nom, date_heure_debut, duree, date_limite_inscription, nb_inscriptions_max, infos_sortie, lieu_id) values (42, 4, 39, 2, 'Accounting', '2022-08-18', '6:43 AM', '2022-09-28', 34, 'Contusion of descending [left] colon, sequela', 67);
insert into sortie_db.sortie (id, etat_id, campus_id, participant_id, nom, date_heure_debut, duree, date_limite_inscription, nb_inscriptions_max, infos_sortie, lieu_id) values (43, 2, 39, 2, 'Legal', '2022-03-28', '8:11 AM', '2022-05-02', 29, 'Erosion of implanted urethral mesh to surrounding organ or tissue', 88);
insert into sortie_db.sortie (id, etat_id, campus_id, participant_id, nom, date_heure_debut, duree, date_limite_inscription, nb_inscriptions_max, infos_sortie, lieu_id) values (44, 4, 14, 2, 'Research and Development', '2022-11-15', '11:57 AM', '2021-11-20', 47, 'Unspecified open wound of left forearm, subsequent encounter', 4);
insert into sortie_db.sortie (id, etat_id, campus_id, participant_id, nom, date_heure_debut, duree, date_limite_inscription, nb_inscriptions_max, infos_sortie, lieu_id) values (45, 5, 74, 2, 'Engineering', '2022-02-21', '12:19 AM', '2022-01-08', 24, 'Poisoning by analeptics and opioid receptor antagonists, assault, initial encounter', 12);
insert into sortie_db.sortie (id, etat_id, campus_id, participant_id, nom, date_heure_debut, duree, date_limite_inscription, nb_inscriptions_max, infos_sortie, lieu_id) values (46, 4, 35, 2, 'Research and Development', '2021-11-29', '10:01 AM', '2022-05-21', 14, 'Other problems with newborn', 92);
insert into sortie_db.sortie (id, etat_id, campus_id, participant_id, nom, date_heure_debut, duree, date_limite_inscription, nb_inscriptions_max, infos_sortie, lieu_id) values (47, 6, 7, 2, 'Services', '2022-05-28', '6:51 AM', '2022-06-26', 44, 'Drug-induced chronic gout, left ankle and foot', 91);
insert into sortie_db.sortie (id, etat_id, campus_id, participant_id, nom, date_heure_debut, duree, date_limite_inscription, nb_inscriptions_max, infos_sortie, lieu_id) values (48, 1, 94, 2, 'Support', '2022-11-24', '7:45 AM', '2022-02-08', 43, 'Accidental discharge of hunting rifle', 63);
insert into sortie_db.sortie (id, etat_id, campus_id, participant_id, nom, date_heure_debut, duree, date_limite_inscription, nb_inscriptions_max, infos_sortie, lieu_id) values (49, 4, 32, 2, 'Legal', '2022-04-13', '6:46 PM', '2022-02-18', 47, 'Drug or chemical induced diabetes mellitus with mild nonproliferative diabetic retinopathy with macular edema', 20);
insert into sortie_db.sortie (id, etat_id, campus_id, participant_id, nom, date_heure_debut, duree, date_limite_inscription, nb_inscriptions_max, infos_sortie, lieu_id) values (50, 2, 62, 2, 'Research and Development', '2022-04-30', '6:33 PM', '2022-09-07', 15, 'Drug-induced cataract, unspecified eye', 87);
insert into sortie_db.sortie (id, etat_id, campus_id, participant_id, nom, date_heure_debut, duree, date_limite_inscription, nb_inscriptions_max, infos_sortie, lieu_id) values (51, 1, 64, 2, 'Support', '2022-03-29', '11:17 AM', '2022-01-13', 16, 'Age-related reticular degeneration of retina, bilateral', 51);
insert into sortie_db.sortie (id, etat_id, campus_id, participant_id, nom, date_heure_debut, duree, date_limite_inscription, nb_inscriptions_max, infos_sortie, lieu_id) values (52, 4, 35, 2, 'Engineering', '2022-01-08', '2:16 PM', '2022-09-22', 30, 'Alcohol use complicating pregnancy, unspecified trimester', 11);
insert into sortie_db.sortie (id, etat_id, campus_id, participant_id, nom, date_heure_debut, duree, date_limite_inscription, nb_inscriptions_max, infos_sortie, lieu_id) values (53, 4, 14, 2, 'Product Management', '2022-06-09', '1:03 AM', '2022-07-27', 44, 'Idiopathic chronic gout, left elbow', 62);
insert into sortie_db.sortie (id, etat_id, campus_id, participant_id, nom, date_heure_debut, duree, date_limite_inscription, nb_inscriptions_max, infos_sortie, lieu_id) values (54, 4, 37, 2, 'Marketing', '2022-08-03', '5:34 AM', '2022-07-06', 48, 'Anaphylactic reaction due to administration of blood and blood products, initial encounter', 63);
insert into sortie_db.sortie (id, etat_id, campus_id, participant_id, nom, date_heure_debut, duree, date_limite_inscription, nb_inscriptions_max, infos_sortie, lieu_id) values (55, 3, 10, 2, 'Accounting', '2022-06-13', '12:48 AM', '2021-12-05', 34, 'Assault by sword or dagger, subsequent encounter', 78);
insert into sortie_db.sortie (id, etat_id, campus_id, participant_id, nom, date_heure_debut, duree, date_limite_inscription, nb_inscriptions_max, infos_sortie, lieu_id) values (56, 3, 86, 2, 'Product Management', '2022-08-13', '4:51 PM', '2021-10-28', 19, 'Corrosion of third degree of buttock, sequela', 2);
insert into sortie_db.sortie (id, etat_id, campus_id, participant_id, nom, date_heure_debut, duree, date_limite_inscription, nb_inscriptions_max, infos_sortie, lieu_id) values (57, 5, 77, 2, 'Business Development', '2022-02-16', '2:58 PM', '2022-02-19', 26, 'Exposure to other inanimate mechanical forces, sequela', 53);
insert into sortie_db.sortie (id, etat_id, campus_id, participant_id, nom, date_heure_debut, duree, date_limite_inscription, nb_inscriptions_max, infos_sortie, lieu_id) values (58, 5, 80, 2, 'Support', '2022-07-16', '3:48 AM', '2022-05-07', 34, 'Corrosion of first degree of multiple sites of right ankle and foot', 12);
insert into sortie_db.sortie (id, etat_id, campus_id, participant_id, nom, date_heure_debut, duree, date_limite_inscription, nb_inscriptions_max, infos_sortie, lieu_id) values (59, 2, 52, 2, 'Marketing', '2022-11-15', '6:40 PM', '2022-07-22', 11, 'Other atherosclerosis of unspecified type of bypass graft(s) of the extremities, right leg', 87);
insert into sortie_db.sortie (id, etat_id, campus_id, participant_id, nom, date_heure_debut, duree, date_limite_inscription, nb_inscriptions_max, infos_sortie, lieu_id) values (60, 6, 59, 2, 'Engineering', '2022-11-06', '4:31 AM', '2022-07-23', 47, 'Unspecified physeal fracture of upper end of unspecified tibia, subsequent encounter for fracture with routine healing', 40);
insert into sortie_db.sortie (id, etat_id, campus_id, participant_id, nom, date_heure_debut, duree, date_limite_inscription, nb_inscriptions_max, infos_sortie, lieu_id) values (61, 1, 22, 2, 'Training', '2022-06-23', '3:16 AM', '2021-12-25', 60, 'Other fracture of upper and lower end of left fibula, subsequent encounter for open fracture type I or II with routine healing', 46);
insert into sortie_db.sortie (id, etat_id, campus_id, participant_id, nom, date_heure_debut, duree, date_limite_inscription, nb_inscriptions_max, infos_sortie, lieu_id) values (62, 3, 60, 2, 'Business Development', '2022-06-26', '1:31 PM', '2022-01-16', 32, 'Visual distortions of shape and size', 61);
insert into sortie_db.sortie (id, etat_id, campus_id, participant_id, nom, date_heure_debut, duree, date_limite_inscription, nb_inscriptions_max, infos_sortie, lieu_id) values (63, 3, 23, 2, 'Business Development', '2022-04-29', '7:44 PM', '2022-04-03', 58, 'Other chronic hematogenous osteomyelitis, ankle and foot', 38);
insert into sortie_db.sortie (id, etat_id, campus_id, participant_id, nom, date_heure_debut, duree, date_limite_inscription, nb_inscriptions_max, infos_sortie, lieu_id) values (64, 3, 4, 2, 'Human Resources', '2022-09-04', '1:54 PM', '2022-05-08', 30, 'Whooping cough due to Bordetella parapertussis', 74);
insert into sortie_db.sortie (id, etat_id, campus_id, participant_id, nom, date_heure_debut, duree, date_limite_inscription, nb_inscriptions_max, infos_sortie, lieu_id) values (65, 1, 60, 2, 'Business Development', '2021-12-01', '11:15 AM', '2021-11-06', 29, 'Toxic effect of cobra venom, intentional self-harm, subsequent encounter', 72);
insert into sortie_db.sortie (id, etat_id, campus_id, participant_id, nom, date_heure_debut, duree, date_limite_inscription, nb_inscriptions_max, infos_sortie, lieu_id) values (66, 3, 2, 2, 'Training', '2022-10-05', '8:48 AM', '2022-09-21', 39, 'Atherosclerosis of unspecified type of bypass graft(s) of the extremities with intermittent claudication, other extremity', 94);
insert into sortie_db.sortie (id, etat_id, campus_id, participant_id, nom, date_heure_debut, duree, date_limite_inscription, nb_inscriptions_max, infos_sortie, lieu_id) values (67, 3, 23, 2, 'Accounting', '2022-04-18', '11:37 AM', '2022-02-18', 42, 'Contusion of ovary, unspecified, initial encounter', 70);
insert into sortie_db.sortie (id, etat_id, campus_id, participant_id, nom, date_heure_debut, duree, date_limite_inscription, nb_inscriptions_max, infos_sortie, lieu_id) values (68, 3, 21, 2, 'Marketing', '2022-10-21', '12:32 AM', '2022-08-19', 22, 'Nondisplaced fracture of right tibial tuberosity, subsequent encounter for open fracture type I or II with malunion', 26);
insert into sortie_db.sortie (id, etat_id, campus_id, participant_id, nom, date_heure_debut, duree, date_limite_inscription, nb_inscriptions_max, infos_sortie, lieu_id) values (69, 3, 33, 2, 'Support', '2021-12-10', '3:24 PM', '2022-09-14', 10, 'Displaced transverse fracture of shaft of right radius, subsequent encounter for open fracture type I or II with nonunion', 51);
insert into sortie_db.sortie (id, etat_id, campus_id, participant_id, nom, date_heure_debut, duree, date_limite_inscription, nb_inscriptions_max, infos_sortie, lieu_id) values (70, 2, 20, 2, 'Legal', '2022-12-17', '10:21 PM', '2021-11-08', 18, 'Other congenital deformities of skull, face and jaw', 95);
insert into sortie_db.sortie (id, etat_id, campus_id, participant_id, nom, date_heure_debut, duree, date_limite_inscription, nb_inscriptions_max, infos_sortie, lieu_id) values (71, 6, 89, 2, 'Training', '2022-11-24', '4:54 PM', '2022-09-02', 27, 'Frostbite with tissue necrosis of unspecified hip and thigh, initial encounter', 65);
insert into sortie_db.sortie (id, etat_id, campus_id, participant_id, nom, date_heure_debut, duree, date_limite_inscription, nb_inscriptions_max, infos_sortie, lieu_id) values (72, 5, 23, 2, 'Support', '2022-04-08', '4:58 PM', '2022-09-12', 13, 'Acute embolism and thrombosis of left popliteal vein', 34);
insert into sortie_db.sortie (id, etat_id, campus_id, participant_id, nom, date_heure_debut, duree, date_limite_inscription, nb_inscriptions_max, infos_sortie, lieu_id) values (73, 3, 74, 2, 'Services', '2022-04-16', '5:23 AM', '2022-09-15', 43, 'Ancylostomiasis', 3);
insert into sortie_db.sortie (id, etat_id, campus_id, participant_id, nom, date_heure_debut, duree, date_limite_inscription, nb_inscriptions_max, infos_sortie, lieu_id) values (74, 1, 6, 2, 'Product Management', '2022-04-14', '5:30 AM', '2021-12-03', 54, 'Contact with hot drinks', 76);
insert into sortie_db.sortie (id, etat_id, campus_id, participant_id, nom, date_heure_debut, duree, date_limite_inscription, nb_inscriptions_max, infos_sortie, lieu_id) values (75, 1, 66, 2, 'Business Development', '2022-06-20', '7:06 PM', '2021-11-10', 45, 'Acute gastrojejunal ulcer without hemorrhage or perforation', 35);
insert into sortie_db.sortie (id, etat_id, campus_id, participant_id, nom, date_heure_debut, duree, date_limite_inscription, nb_inscriptions_max, infos_sortie, lieu_id) values (76, 4, 84, 2, 'Business Development', '2022-11-08', '11:06 AM', '2021-11-28', 19, 'Nondisplaced comminuted supracondylar fracture without intercondylar fracture of unspecified humerus, initial encounter for closed fracture', 54);
insert into sortie_db.sortie (id, etat_id, campus_id, participant_id, nom, date_heure_debut, duree, date_limite_inscription, nb_inscriptions_max, infos_sortie, lieu_id) values (77, 4, 38, 2, 'Business Development', '2022-05-02', '2:30 PM', '2021-12-15', 15, 'Machinery accident on board fishing boat, initial encounter', 23);
insert into sortie_db.sortie (id, etat_id, campus_id, participant_id, nom, date_heure_debut, duree, date_limite_inscription, nb_inscriptions_max, infos_sortie, lieu_id) values (78, 6, 88, 2, 'Support', '2022-11-11', '11:44 PM', '2022-03-12', 56, 'Poisoning by selective serotonin reuptake inhibitors, accidental (unintentional)', 84);
insert into sortie_db.sortie (id, etat_id, campus_id, participant_id, nom, date_heure_debut, duree, date_limite_inscription, nb_inscriptions_max, infos_sortie, lieu_id) values (79, 4, 26, 2, 'Engineering', '2021-12-23', '12:50 PM', '2022-06-13', 43, 'Tonsillar aspergillosis', 27);
insert into sortie_db.sortie (id, etat_id, campus_id, participant_id, nom, date_heure_debut, duree, date_limite_inscription, nb_inscriptions_max, infos_sortie, lieu_id) values (80, 3, 79, 2, 'Legal', '2022-01-31', '11:05 PM', '2022-07-18', 14, 'Asphyxiation due to being trapped in a (discarded) refrigerator, assault, sequela', 9);
insert into sortie_db.sortie (id, etat_id, campus_id, participant_id, nom, date_heure_debut, duree, date_limite_inscription, nb_inscriptions_max, infos_sortie, lieu_id) values (81, 6, 87, 2, 'Business Development', '2022-01-18', '2:46 AM', '2022-06-05', 27, 'Pedestrian on foot injured in collision with pedal cycle, unspecified whether traffic or nontraffic accident', 28);
insert into sortie_db.sortie (id, etat_id, campus_id, participant_id, nom, date_heure_debut, duree, date_limite_inscription, nb_inscriptions_max, infos_sortie, lieu_id) values (82, 5, 38, 2, 'Business Development', '2022-06-22', '11:35 PM', '2022-08-13', 44, 'Corrosion of unspecified degree of unspecified palm', 8);
insert into sortie_db.sortie (id, etat_id, campus_id, participant_id, nom, date_heure_debut, duree, date_limite_inscription, nb_inscriptions_max, infos_sortie, lieu_id) values (83, 4, 96, 2, 'Marketing', '2022-11-12', '11:20 AM', '2022-09-22', 12, 'Complication associated with artificial fertilization, unspecified', 84);
insert into sortie_db.sortie (id, etat_id, campus_id, participant_id, nom, date_heure_debut, duree, date_limite_inscription, nb_inscriptions_max, infos_sortie, lieu_id) values (84, 3, 19, 2, 'Research and Development', '2022-11-21', '7:48 PM', '2021-12-22', 19, 'Contact with hot heating appliances, radiators and pipes', 66);
insert into sortie_db.sortie (id, etat_id, campus_id, participant_id, nom, date_heure_debut, duree, date_limite_inscription, nb_inscriptions_max, infos_sortie, lieu_id) values (85, 3, 65, 2, 'Training', '2022-09-11', '6:26 AM', '2022-04-19', 57, 'Drug induced tics', 18);
insert into sortie_db.sortie (id, etat_id, campus_id, participant_id, nom, date_heure_debut, duree, date_limite_inscription, nb_inscriptions_max, infos_sortie, lieu_id) values (86, 2, 60, 2, 'Engineering', '2022-11-29', '7:49 AM', '2022-10-30', 49, 'Incontinence without sensory awareness', 37);
insert into sortie_db.sortie (id, etat_id, campus_id, participant_id, nom, date_heure_debut, duree, date_limite_inscription, nb_inscriptions_max, infos_sortie, lieu_id) values (87, 5, 63, 2, 'Marketing', '2022-08-29', '6:41 PM', '2021-12-02', 52, 'Nondisplaced oblique fracture of shaft of unspecified femur, sequela', 69);
insert into sortie_db.sortie (id, etat_id, campus_id, participant_id, nom, date_heure_debut, duree, date_limite_inscription, nb_inscriptions_max, infos_sortie, lieu_id) values (88, 3, 90, 2, 'Training', '2022-06-28', '6:32 AM', '2021-12-08', 18, 'Fall on same level from slipping, tripping and stumbling without subsequent striking against object, subsequent encounter', 9);
insert into sortie_db.sortie (id, etat_id, campus_id, participant_id, nom, date_heure_debut, duree, date_limite_inscription, nb_inscriptions_max, infos_sortie, lieu_id) values (89, 2, 99, 2, 'Engineering', '2021-10-28', '10:50 PM', '2022-06-26', 15, 'Motorcycle passenger injured in collision with other nonmotor vehicle in traffic accident, subsequent encounter', 89);
insert into sortie_db.sortie (id, etat_id, campus_id, participant_id, nom, date_heure_debut, duree, date_limite_inscription, nb_inscriptions_max, infos_sortie, lieu_id) values (90, 4, 47, 2, 'Marketing', '2022-04-23', '11:07 PM', '2021-10-27', 51, 'Abdominal aortic aneurysm, without rupture', 64);
insert into sortie_db.sortie (id, etat_id, campus_id, participant_id, nom, date_heure_debut, duree, date_limite_inscription, nb_inscriptions_max, infos_sortie, lieu_id) values (91, 6, 2, 2, 'Human Resources', '2022-03-04', '12:41 AM', '2022-07-21', 24, 'Other specified injury of left innominate or subclavian vein', 92);
insert into sortie_db.sortie (id, etat_id, campus_id, participant_id, nom, date_heure_debut, duree, date_limite_inscription, nb_inscriptions_max, infos_sortie, lieu_id) values (92, 3, 66, 2, 'Product Management', '2022-03-16', '12:59 PM', '2021-11-17', 33, 'Poisoning by unspecified narcotics, undetermined', 36);
insert into sortie_db.sortie (id, etat_id, campus_id, participant_id, nom, date_heure_debut, duree, date_limite_inscription, nb_inscriptions_max, infos_sortie, lieu_id) values (93, 1, 89, 2, 'Research and Development', '2021-11-24', '4:52 PM', '2021-11-19', 24, 'Salter-Harris Type II physeal fracture of lower end of left femur, subsequent encounter for fracture with routine healing', 18);
insert into sortie_db.sortie (id, etat_id, campus_id, participant_id, nom, date_heure_debut, duree, date_limite_inscription, nb_inscriptions_max, infos_sortie, lieu_id) values (94, 6, 42, 2, 'Training', '2022-07-14', '3:13 PM', '2022-05-01', 16, 'Displaced segmental fracture of shaft of left tibia, subsequent encounter for open fracture type IIIA, IIIB, or IIIC with malunion', 63);
insert into sortie_db.sortie (id, etat_id, campus_id, participant_id, nom, date_heure_debut, duree, date_limite_inscription, nb_inscriptions_max, infos_sortie, lieu_id) values (95, 1, 62, 2, 'Human Resources', '2022-01-01', '6:58 PM', '2022-07-08', 30, 'Laceration without foreign body of abdominal wall with penetration into peritoneal cavity', 10);
insert into sortie_db.sortie (id, etat_id, campus_id, participant_id, nom, date_heure_debut, duree, date_limite_inscription, nb_inscriptions_max, infos_sortie, lieu_id) values (96, 2, 14, 2, 'Accounting', '2022-11-23', '7:56 PM', '2022-01-08', 20, 'Other displaced fracture of lower end of left humerus, subsequent encounter for fracture with nonunion', 60);
insert into sortie_db.sortie (id, etat_id, campus_id, participant_id, nom, date_heure_debut, duree, date_limite_inscription, nb_inscriptions_max, infos_sortie, lieu_id) values (97, 1, 82, 2, 'Marketing', '2022-05-11', '2:58 AM', '2022-02-04', 26, 'Poisoning by other synthetic narcotics, undetermined, sequela', 44);
insert into sortie_db.sortie (id, etat_id, campus_id, participant_id, nom, date_heure_debut, duree, date_limite_inscription, nb_inscriptions_max, infos_sortie, lieu_id) values (98, 1, 3, 2, 'Human Resources', '2022-09-24', '9:14 AM', '2022-10-14', 59, 'Flexion deformity, unspecified knee', 38);
insert into sortie_db.sortie (id, etat_id, campus_id, participant_id, nom, date_heure_debut, duree, date_limite_inscription, nb_inscriptions_max, infos_sortie, lieu_id) values (99, 3, 35, 2, 'Research and Development', '2022-05-30', '11:53 PM', '2022-02-16', 39, 'Sprain of interphalangeal joint of left ring finger, initial encounter', 36);
insert into sortie_db.sortie (id, etat_id, campus_id, participant_id, nom, date_heure_debut, duree, date_limite_inscription, nb_inscriptions_max, infos_sortie, lieu_id) values (100, 2, 67, 2, 'Training', '2022-03-06', '10:42 AM', '2022-09-16', 36, 'Unspecified pedal cyclist injured in noncollision transport accident in traffic accident, initial encounter', 65);
